question,answer
hello,Hello! How can I help you today?
hi,Hi there! What can I do for you?
hey,Hey! How can I assist you?
good morning,Good morning! Hope you have a great day.
good afternoon,Good afternoon! How may I help you?
good evening,Good evening! What would you like to know?
how are you,I am just a chatbot but I am doing great!
what is your name,My name is SmartBot.
who created you,I was created using Python.
what can you do,I can answer simple questions and greetings.
what is python,Python is a popular programming language.
what is ai,Artificial Intelligence is the simulation of human intelligence by machines.
what is machine learning,Machine learning is a subset of AI that allows systems to learn from data.
what is chatbot,A chatbot is a program that simulates conversation with users.
what is your purpose,My purpose is to answer your questions.
thank you,You are welcome!
thanks,Happy to help!
where are you from,I exist inside a computer program.
are you human,No I am a chatbot created using Python.
can you help me,Of course! Tell me what you need.
tell me a joke,Why did the computer show up at work late? It had a hard drive!
what is programming,Programming is writing instructions for computers to perform tasks.
what is html,HTML is used to create web pages.
what is css,CSS is used to style web pages.
what is javascript,JavaScript is used to make web pages interactive.
what is data science,Data science is the field of analyzing data to gain insights.
what is cloud computing,Cloud computing means storing and accessing data over the internet.
how old are you,I do not have an age because I am a program.
do you sleep,No I can work 24 hours without sleeping.
can you learn,With advanced AI techniques chatbots can learn from data.
what is internet,The internet is a global network connecting millions of computers.
what is database,A database is a structured collection of data.
what is sql,SQL is used to manage and query databases.
what is github,GitHub is a platform for sharing and collaborating on code.
what is open source,Open source software allows anyone to view and modify the code.
how can i learn programming,"Start with basics, practice regularly, and build projects."
what is your hobby,Talking with users like you!
are you intelligent,I try my best to answer your questions.
what is technology,Technology is the application of scientific knowledge for practical purposes.
what is innovation,Innovation means creating new ideas or improving existing ones.
do you like humans,Yes humans created me so I appreciate them.
can you solve problems,I can help answer questions and guide you.
bye,Goodbye! Have a great day.
see you,See you later!
good night,Good night! Take care.
